<?xml version='1.0' encoding='ISO-8859-1' ?>

<!-- Copyright 2013 The MathWorks Ltd.-->
<toc version="1.0">
  <tocitem image="$toolbox/matlab/icons/book_mat.png" target="index.html">GUI Layout
    <tocitem target="Getting Started.html" image="$toolbox/matlab/icons/help_gs.png">Getting Started<tocitem target="Getting Started1.html">1. What is the GUI Layout Toolbox?</tocitem><tocitem target="Getting Started2.html">2. Release Notes</tocitem><tocitem target="Getting Started3.html">3. Installation</tocitem><tocitem target="Getting Started4.html">4. Support</tocitem><tocitem target="Getting Started5.html">5. Acknowledgements</tocitem></tocitem>
    <tocitem target="Examples.html" image="$toolbox/matlab/icons/help_ex.png">Examples</tocitem>
    <tocitem target="User guide.html" image="$toolbox/matlab/icons/help_ug.png">User guide<tocitem target="User guide1.html">1. Understanding layouts<tocitem target="User guide1_1.html">1.1. Layout basics</tocitem><tocitem target="User guide1_2.html">1.2. Types of layout</tocitem><tocitem target="User guide1_3.html">1.3. Sizes and units</tocitem><tocitem target="User guide1_4.html">1.4. Layout heirarchies</tocitem><tocitem target="User guide1_5.html">1.5. Why use layouts?</tocitem></tocitem><tocitem target="User guide2.html">2. Positioning Axes<tocitem target="User guide2_1.html">2.1. Position vs OuterPosition</tocitem><tocitem target="User guide2_2.html">2.2. Axes inside layouts</tocitem></tocitem><tocitem target="User guide3.html">3. Enable and Visible<tocitem target="User guide3_1.html">3.1. Enable example</tocitem><tocitem target="User guide3_2.html">3.2. Visible example</tocitem></tocitem><tocitem target="User guide4.html">4. Using property defaults<tocitem target="User guide4_1.html">4.1. Setting defaults for one window</tocitem><tocitem target="User guide4_2.html">4.2. Setting defaults for all windows</tocitem></tocitem><tocitem target="User guide5.html">5. Advanced maneuvers with panels<tocitem target="User guide5_1.html">5.1. Context help</tocitem><tocitem target="User guide5_2.html">5.2. Minimize and maximize</tocitem><tocitem target="User guide5_3.html">5.3. Dock and undock</tocitem></tocitem><tocitem target="User guide6.html">6. Using layouts inside GUIDE GUIs</tocitem><tocitem target="User guide7.html">7. Deploying GUIs using the MATLAB Compiler</tocitem><tocitem target="User guide8.html">8. A complete example<tocitem target="User guide8_1.html">8.1. Application structure</tocitem><tocitem target="User guide8_2.html">8.2. createInterface</tocitem><tocitem target="User guide8_3.html">8.3. updateInterface</tocitem><tocitem target="User guide8_4.html">8.4. onListSelection</tocitem><tocitem target="User guide8_5.html">8.5. Running it</tocitem><tocitem target="User guide8_6.html">8.6. Scalability</tocitem></tocitem></tocitem>
    <tocitem target="Function reference.html" image="$toolbox/matlab/icons/help_fx.png">Function reference<tocitem target="Function reference.html#1">1. Panels<tocitem target="Function reference1_1.html">1.1. uiextras.Panel</tocitem><tocitem target="Function reference1_2.html">1.2. uiextras.CardPanel</tocitem><tocitem target="Function reference1_3.html">1.3. uiextras.BoxPanel</tocitem><tocitem target="Function reference1_4.html">1.4. uiextras.TabPanel</tocitem></tocitem><tocitem target="Function reference.html#2">2. Boxes<tocitem target="Function reference2_1.html">2.1. uiextras.HBox</tocitem><tocitem target="Function reference2_2.html">2.2. uiextras.VBox</tocitem><tocitem target="Function reference2_3.html">2.3. uiextras.HBoxFlex</tocitem><tocitem target="Function reference2_4.html">2.4. uiextras.VBoxFlex</tocitem><tocitem target="Function reference2_5.html">2.5. uiextras.HButtonBox</tocitem><tocitem target="Function reference2_6.html">2.6. uiextras.VButtonBox</tocitem></tocitem><tocitem target="Function reference.html#3">3. Grids<tocitem target="Function reference3_1.html">3.1. uiextras.Grid</tocitem><tocitem target="Function reference3_2.html">3.2. uiextras.GridFlex</tocitem></tocitem><tocitem target="Function reference.html#4">4. Other functions<tocitem target="Function reference4_1.html">4.1. uiextras.Empty</tocitem><tocitem target="Function reference4_2.html">4.2. layoutVersion</tocitem><tocitem target="Function reference4_3.html">4.3. layoutRoot</tocitem><tocitem target="Function reference4_4.html">4.4. uiextras.set</tocitem><tocitem target="Function reference4_5.html">4.5. uiextras.get</tocitem></tocitem></tocitem>
  <tocitem image="$toolbox/matlab/icons/help_rn.png" target="atoz.html">Index</tocitem>
  </tocitem>
</toc>
